Simulation_ID,Nodes,Area_m2,Initial_Energy_J,Transmission_Rate_pps,Optimization_Technique,Network_Lifetime_Improvement_%,Energy_Consumption_Reduction_%,PDR_%,End_to_End_Delay_ms,Residual_Energy_Utilization_%,Reduction_in_Redundant_Transmissions_%,Optimization_Effective
1,152,100x100,0.82,17,ICSHSO-Based,40.44,39.35,86.83,120.34,84.92,43.41,1
2,142,100x100,0.32,5,Traditional,3.82,10.76,95.92,112.74,70.93,14.87,0
3,64,150x150,0.7,12,Traditional,13.97,16.28,84.44,128.55,77.99,8.13,0
4,156,100x100,0.83,9,Traditional,46.52,35.66,96.93,153.16,66.43,33.78,0
5,121,200x200,0.91,6,ICSHSO-Based,12.65,0.12,90.23,151.06,72.42,1.9,0
6,70,200x200,0.54,18,Traditional,39.06,1.59,74.11,182.06,87.71,31.0,0
7,152,100x100,0.87,6,ICSHSO-Based,41.26,24.16,99.85,140.46,53.31,34.91,1
8,171,100x100,0.38,18,ICSHSO-Based,24.77,36.3,85.82,148.43,60.16,10.75,1
9,124,150x150,0.89,19,ICSHSO-Based,19.32,9.55,81.76,101.34,81.2,2.1,0
10,137,200x200,0.39,19,ICSHSO-Based,22.51,18.79,89.77,140.97,53.95,18.18,1
11,166,200x200,0.58,10,ICSHSO-Based,11.35,18.02,73.27,164.78,53.03,4.93,0
12,149,100x100,0.86,15,ICSHSO-Based,44.47,18.92,89.1,101.55,64.46,5.82,1
13,153,150x150,0.4,17,ICSHSO-Based,22.53,24.9,84.95,128.09,53.69,12.71,0
14,180,200x200,0.46,13,Traditional,44.12,18.79,82.2,120.8,73.4,14.77,0
15,199,200x200,0.81,5,Traditional,5.28,17.9,98.59,104.2,59.05,26.5,0
16,102,150x150,0.8,16,ICSHSO-Based,49.41,18.97,85.68,147.93,85.83,33.92,1
17,51,150x150,0.75,10,ICSHSO-Based,22.16,23.63,76.57,118.17,81.34,29.64,0
18,137,200x200,0.79,13,Traditional,2.39,21.48,83.77,174.31,77.99,7.42,0
19,87,200x200,0.68,12,ICSHSO-Based,1.9,34.17,97.58,184.79,74.68,8.6,0
20,179,150x150,0.48,15,Traditional,37.31,1.98,75.28,154.56,84.54,43.94,0
21,70,200x200,0.54,10,Traditional,32.95,33.33,76.42,198.17,58.92,27.92,0
22,107,100x100,0.43,7,Traditional,40.11,33.76,70.39,145.05,84.92,43.5,0
23,71,100x100,0.94,12,ICSHSO-Based,5.27,11.4,70.43,151.34,81.58,18.58,0
24,138,150x150,0.71,13,ICSHSO-Based,1.78,18.51,94.88,198.92,79.93,30.72,0
25,98,150x150,0.58,5,Traditional,25.43,17.54,91.96,123.15,72.45,26.18,0
26,108,150x150,0.62,16,Traditional,19.38,8.74,80.65,194.25,59.85,15.96,0
27,64,100x100,0.96,13,Traditional,23.1,15.87,90.95,104.28,66.94,23.5,0
28,100,200x200,0.41,18,Traditional,49.58,1.78,81.86,144.64,81.74,25.12,0
29,157,100x100,0.71,19,Traditional,48.54,11.11,98.59,107.0,51.27,10.04,0
30,104,200x200,0.65,10,ICSHSO-Based,47.12,32.67,99.01,172.92,81.28,15.75,1
31,113,100x100,0.73,10,Traditional,39.19,11.38,81.78,160.84,59.6,39.57,0
32,180,200x200,0.31,16,ICSHSO-Based,17.74,32.73,95.63,170.66,55.77,45.79,0
33,100,100x100,0.91,8,Traditional,20.61,21.26,93.19,137.45,54.63,17.99,0
34,184,150x150,0.95,5,ICSHSO-Based,27.48,35.19,79.3,136.95,51.09,15.35,0
35,70,100x100,0.7,14,ICSHSO-Based,41.53,22.99,76.96,104.53,70.94,9.76,0
36,122,200x200,0.79,12,ICSHSO-Based,3.44,1.19,83.75,134.99,58.73,33.92,0
37,67,100x100,0.95,6,ICSHSO-Based,21.21,27.02,93.44,192.93,89.58,16.15,1
38,181,100x100,0.8,16,ICSHSO-Based,4.13,1.79,98.81,137.92,72.98,49.39,0
39,138,100x100,0.41,5,ICSHSO-Based,25.73,18.02,92.91,183.14,55.52,16.28,1
40,109,150x150,0.7,6,Traditional,44.95,37.18,95.66,184.23,77.55,19.71,0
41,63,100x100,0.72,5,ICSHSO-Based,39.12,6.61,88.09,137.32,85.91,30.17,0
42,58,150x150,0.6,5,Traditional,11.39,15.59,95.06,163.2,79.81,40.08,0
43,139,150x150,0.82,13,ICSHSO-Based,48.8,29.19,93.53,109.54,53.06,23.48,1
44,102,100x100,0.95,17,ICSHSO-Based,33.37,35.29,81.31,110.37,85.84,21.13,0
45,179,100x100,0.95,18,Traditional,0.52,26.84,86.56,104.87,81.76,49.78,0
46,133,100x100,0.62,5,ICSHSO-Based,12.77,10.33,94.14,158.1,56.33,0.52,0
47,141,200x200,0.38,17,Traditional,13.04,26.98,71.38,142.61,52.07,44.75,0
48,160,100x100,0.99,8,Traditional,3.46,11.87,94.24,154.8,72.29,7.46,0
49,57,150x150,0.89,14,Traditional,47.99,28.74,75.34,152.11,56.24,39.3,0
50,84,100x100,0.39,10,Traditional,23.91,38.16,85.44,135.02,83.38,30.9,0
51,130,200x200,0.94,11,ICSHSO-Based,44.79,28.86,94.25,167.75,64.33,17.09,1
52,99,100x100,0.91,6,ICSHSO-Based,16.11,34.52,77.61,175.85,86.52,43.69,0
53,153,200x200,0.66,10,Traditional,6.26,0.08,77.37,101.46,72.63,0.65,0
54,181,200x200,0.71,11,ICSHSO-Based,23.72,28.7,82.08,120.72,57.31,11.33,0
55,51,100x100,0.58,14,ICSHSO-Based,5.7,33.18,96.84,171.32,55.58,28.34,0
56,183,150x150,0.34,18,Traditional,24.3,1.62,70.01,138.66,73.06,17.58,0
57,103,200x200,0.53,14,ICSHSO-Based,46.01,34.86,97.04,166.25,80.48,30.52,1
58,155,100x100,0.86,6,Traditional,26.04,10.27,74.61,134.7,81.26,1.21,0
59,53,100x100,0.3,19,Traditional,30.82,26.61,99.7,139.08,61.03,5.82,0
60,103,150x150,0.53,6,ICSHSO-Based,7.83,32.01,98.65,115.87,58.17,6.35,0
61,195,200x200,0.58,14,ICSHSO-Based,2.19,26.51,84.84,125.82,50.67,9.46,0
62,93,200x200,0.68,11,ICSHSO-Based,5.54,3.69,85.38,160.54,77.17,22.97,0
63,63,100x100,0.94,16,Traditional,29.93,23.85,84.45,143.32,53.06,37.61,0
64,144,100x100,0.54,5,Traditional,4.75,21.98,89.06,177.43,66.83,45.28,0
65,97,150x150,0.54,12,ICSHSO-Based,18.8,36.01,72.72,185.26,74.07,41.77,0
66,64,150x150,0.82,15,ICSHSO-Based,27.5,16.17,70.98,154.16,87.48,9.84,0
67,89,200x200,0.62,17,ICSHSO-Based,19.43,12.84,71.73,175.83,62.47,22.06,0
68,131,200x200,0.46,7,ICSHSO-Based,8.18,29.99,83.33,130.69,59.99,9.97,0
69,160,100x100,0.62,15,Traditional,13.69,16.51,78.27,141.5,76.17,13.22,0
70,102,200x200,0.4,10,ICSHSO-Based,46.42,25.84,88.66,171.28,74.77,25.18,1
71,73,150x150,0.42,13,Traditional,33.8,25.86,99.77,138.62,63.28,3.41,0
72,173,150x150,0.65,10,Traditional,24.8,35.52,81.59,158.85,87.12,10.91,0
73,90,100x100,0.59,13,ICSHSO-Based,0.64,23.95,87.22,118.54,83.79,46.77,0
74,64,150x150,0.94,11,ICSHSO-Based,49.62,20.09,82.47,159.98,58.96,23.31,0
75,94,150x150,0.55,19,ICSHSO-Based,33.57,5.55,95.42,186.15,59.57,22.27,0
76,114,150x150,0.71,13,Traditional,15.85,4.63,97.07,186.86,70.49,0.73,0
77,138,150x150,0.74,6,ICSHSO-Based,43.96,6.17,96.32,172.43,80.94,12.37,0
78,120,100x100,0.31,16,ICSHSO-Based,12.92,6.87,99.23,174.58,51.76,43.31,0
79,58,100x100,0.76,12,Traditional,27.2,25.52,70.83,155.79,77.73,8.23,0
80,137,200x200,0.42,12,ICSHSO-Based,31.8,29.64,95.19,158.47,75.93,20.76,1
81,178,150x150,0.97,6,Traditional,11.05,21.2,92.55,113.37,59.26,0.72,0
82,185,200x200,0.4,16,ICSHSO-Based,48.92,33.16,76.86,144.39,77.25,23.92,0
83,112,100x100,0.59,18,Traditional,37.41,39.65,98.69,145.08,87.61,1.05,0
84,188,100x100,0.36,8,ICSHSO-Based,27.89,32.8,74.45,195.85,51.87,40.98,0
85,130,100x100,1.0,18,ICSHSO-Based,9.03,27.8,90.39,143.11,62.79,41.24,0
86,185,100x100,0.65,19,Traditional,2.69,21.3,76.75,154.93,67.53,39.39,0
87,82,100x100,0.72,15,Traditional,16.0,17.95,82.94,153.33,85.97,14.17,0
88,172,100x100,0.35,19,ICSHSO-Based,37.66,3.38,91.57,163.68,88.49,41.86,0
89,54,100x100,0.82,11,Traditional,13.47,15.97,86.9,174.82,67.76,27.15,0
90,90,150x150,0.45,15,Traditional,26.98,36.41,82.83,122.5,80.0,18.69,0
91,77,200x200,0.93,8,Traditional,36.4,32.32,79.79,152.87,71.27,31.27,0
92,184,100x100,0.44,8,Traditional,5.4,8.64,95.19,182.59,71.51,0.62,0
93,121,150x150,0.43,10,ICSHSO-Based,34.26,18.66,74.31,146.31,61.12,7.15,0
94,61,150x150,0.33,14,ICSHSO-Based,4.59,32.67,82.9,127.85,58.68,37.11,0
95,82,200x200,0.63,10,Traditional,48.26,2.7,97.11,165.47,61.52,12.21,0
96,97,100x100,0.7,14,Traditional,24.42,15.5,95.38,182.38,72.25,29.9,0
97,111,200x200,0.35,19,Traditional,7.53,34.07,82.03,106.31,51.17,19.26,0
98,86,100x100,0.84,7,Traditional,17.12,16.16,92.89,177.68,86.29,42.74,0
99,148,150x150,0.62,19,ICSHSO-Based,20.67,3.1,94.69,182.16,56.25,47.62,0
100,153,150x150,0.67,13,ICSHSO-Based,37.91,21.7,96.67,146.15,58.8,44.18,1
101,84,150x150,0.61,16,Traditional,37.17,34.47,86.34,198.33,70.73,13.53,0
102,150,150x150,0.58,14,Traditional,30.6,23.61,76.13,178.67,78.4,9.71,0
103,180,200x200,0.69,18,Traditional,5.3,9.05,77.66,177.37,53.83,23.72,0
104,50,100x100,0.41,15,ICSHSO-Based,7.58,15.37,78.87,174.78,62.71,0.37,0
105,54,100x100,0.43,6,Traditional,4.69,18.0,87.81,115.06,88.75,1.29,0
106,191,200x200,0.9,10,ICSHSO-Based,28.86,23.17,70.98,121.72,60.49,27.66,0
107,152,100x100,0.96,16,Traditional,43.86,30.37,89.08,146.4,62.52,26.02,0
108,76,150x150,0.56,11,ICSHSO-Based,21.69,3.95,80.93,126.4,83.46,49.73,0
109,186,100x100,0.49,16,Traditional,8.04,35.59,78.86,141.52,52.01,10.09,0
110,64,150x150,0.75,17,ICSHSO-Based,27.9,0.49,96.38,188.85,68.58,12.91,0
111,139,200x200,0.59,13,Traditional,40.59,14.8,83.8,182.43,65.18,5.68,0
112,91,100x100,0.32,17,Traditional,37.09,1.1,72.85,163.0,62.66,45.88,0
113,173,200x200,0.41,7,Traditional,44.07,15.72,94.8,185.81,61.43,38.89,0
114,112,100x100,0.8,14,ICSHSO-Based,13.9,21.03,71.43,178.38,53.65,41.12,0
115,145,150x150,0.76,7,Traditional,9.7,20.47,91.8,142.9,62.59,45.14,0
116,101,200x200,0.32,11,ICSHSO-Based,43.99,6.63,93.22,120.11,51.72,26.24,0
117,145,100x100,0.46,18,ICSHSO-Based,32.88,25.83,80.58,151.42,81.24,22.56,0
118,181,150x150,0.46,8,Traditional,15.55,1.79,94.74,173.62,65.93,16.52,0
119,192,200x200,0.77,17,Traditional,37.12,30.48,85.47,143.64,67.76,29.46,0
120,78,200x200,0.31,12,Traditional,40.76,37.87,83.9,166.68,85.74,22.71,0
121,85,100x100,0.37,17,ICSHSO-Based,30.75,13.59,71.36,109.43,76.32,22.58,0
122,62,100x100,0.86,11,Traditional,34.39,20.69,78.7,174.8,50.32,46.85,0
123,120,100x100,0.42,9,ICSHSO-Based,18.76,15.16,97.93,181.27,87.73,49.2,0
124,135,150x150,0.76,11,ICSHSO-Based,26.93,0.27,81.75,170.68,59.49,39.82,0
125,77,100x100,0.47,7,Traditional,26.21,15.43,86.4,196.73,54.3,37.84,0
126,115,200x200,0.37,16,Traditional,42.4,31.67,85.96,182.67,80.73,34.03,0
127,94,200x200,0.47,6,Traditional,42.0,23.84,87.71,190.31,70.02,8.3,0
128,111,100x100,0.81,10,Traditional,41.63,4.05,71.84,193.36,67.35,2.96,0
129,183,100x100,0.9,6,Traditional,0.55,33.89,80.87,180.13,59.98,34.54,0
130,77,200x200,0.88,7,Traditional,37.48,21.24,91.69,167.43,71.9,36.44,0
131,77,150x150,0.58,10,ICSHSO-Based,37.93,33.67,76.02,100.57,60.98,2.35,0
132,157,100x100,0.77,9,ICSHSO-Based,33.92,23.21,76.11,146.58,86.06,46.4,0
133,93,100x100,0.44,12,ICSHSO-Based,37.81,22.39,70.3,157.12,58.61,4.56,0
134,133,200x200,0.51,13,Traditional,42.1,4.21,83.12,130.4,85.37,14.3,0
135,79,100x100,0.93,15,ICSHSO-Based,23.52,6.69,96.48,131.81,72.38,33.62,0
136,124,150x150,0.31,7,ICSHSO-Based,25.1,38.88,71.56,196.12,83.14,8.49,0
137,177,200x200,0.36,16,ICSHSO-Based,6.24,9.14,75.73,189.17,78.51,2.77,0
138,141,100x100,0.45,14,ICSHSO-Based,19.27,39.1,79.3,184.92,77.87,16.56,0
139,178,200x200,0.32,7,ICSHSO-Based,32.17,21.28,91.95,140.6,62.97,38.3,1
140,170,100x100,0.43,7,Traditional,39.02,5.43,89.22,101.37,59.36,20.68,0
141,76,100x100,0.71,17,Traditional,10.86,3.97,82.48,108.02,58.44,32.65,0
142,170,100x100,0.59,17,ICSHSO-Based,6.89,8.35,92.77,131.22,84.29,28.98,0
143,165,150x150,0.92,10,ICSHSO-Based,33.15,37.03,88.29,101.57,82.82,1.11,1
144,52,150x150,0.87,19,ICSHSO-Based,0.09,16.57,96.88,101.71,67.62,49.43,0
145,152,200x200,0.54,19,Traditional,8.92,15.82,94.54,191.66,55.3,2.07,0
146,186,100x100,0.48,5,Traditional,1.45,12.53,77.58,170.62,65.29,48.39,0
147,111,100x100,0.57,11,ICSHSO-Based,8.34,5.88,78.14,130.9,74.77,27.49,0
148,100,150x150,0.71,16,Traditional,9.07,19.51,73.76,113.26,68.18,48.16,0
149,108,100x100,0.49,5,Traditional,19.38,5.2,80.11,151.16,81.21,5.74,0
150,167,150x150,0.74,18,ICSHSO-Based,20.12,33.42,99.99,100.53,89.9,24.52,1
151,145,100x100,0.59,9,Traditional,43.71,14.82,82.17,193.84,57.65,8.48,0
152,162,200x200,0.69,19,Traditional,25.51,14.99,76.61,141.48,68.39,2.55,0
153,111,100x100,0.61,14,ICSHSO-Based,36.17,18.96,92.87,140.23,67.24,30.88,1
154,101,100x100,0.51,17,Traditional,5.21,17.77,86.27,139.06,62.18,10.39,0
155,61,150x150,0.96,12,Traditional,11.27,39.79,74.49,106.93,57.92,29.38,0
156,88,100x100,0.83,8,ICSHSO-Based,35.15,21.82,81.42,163.83,52.63,5.62,0
157,179,100x100,0.4,9,Traditional,2.64,3.53,82.43,173.3,85.48,16.6,0
158,180,150x150,0.91,8,Traditional,24.33,24.28,92.61,167.61,66.79,39.08,0
159,162,200x200,0.64,16,ICSHSO-Based,29.97,6.06,70.62,113.84,69.88,21.85,0
160,150,200x200,0.93,16,ICSHSO-Based,30.11,1.24,78.07,157.88,86.68,31.39,0
161,162,150x150,0.86,18,ICSHSO-Based,1.15,38.83,85.53,156.95,81.05,32.37,0
162,130,150x150,0.6,8,Traditional,16.11,30.94,78.07,186.84,55.22,42.19,0
163,162,150x150,0.32,16,ICSHSO-Based,31.82,39.2,88.85,137.91,72.62,16.25,1
164,51,150x150,0.49,12,Traditional,7.45,19.12,84.46,137.15,67.69,34.36,0
165,179,150x150,0.68,6,ICSHSO-Based,34.77,21.29,80.85,161.85,81.89,48.08,0
166,103,200x200,0.74,5,Traditional,37.3,6.73,98.48,163.31,78.97,36.51,0
167,136,200x200,0.48,7,ICSHSO-Based,49.1,9.88,88.96,146.93,77.62,24.49,0
168,178,150x150,0.4,13,ICSHSO-Based,10.49,33.54,73.9,144.31,63.62,31.54,0
169,196,100x100,0.88,8,ICSHSO-Based,41.26,14.25,86.8,149.41,82.2,36.98,0
170,175,150x150,0.99,14,ICSHSO-Based,26.01,33.07,93.42,186.1,52.1,30.61,1
171,179,100x100,0.67,9,Traditional,18.67,28.36,91.25,146.12,56.38,0.83,0
172,102,150x150,0.42,6,ICSHSO-Based,6.12,7.09,75.16,193.99,63.42,9.74,0
173,117,150x150,0.49,8,ICSHSO-Based,36.78,20.3,99.17,150.4,53.07,40.52,1
174,172,200x200,0.31,6,Traditional,11.79,27.1,83.46,194.92,59.4,13.63,0
175,194,100x100,0.94,19,ICSHSO-Based,18.57,9.4,74.77,183.28,83.21,36.58,0
176,87,100x100,0.38,6,Traditional,3.13,33.23,75.41,136.24,87.93,18.61,0
177,73,200x200,0.7,8,ICSHSO-Based,40.07,21.79,72.95,186.36,62.18,26.09,0
178,118,200x200,0.49,10,ICSHSO-Based,38.33,6.61,94.11,111.01,60.58,3.4,0
179,165,200x200,0.69,11,ICSHSO-Based,36.68,23.32,73.66,192.5,61.2,9.06,0
180,147,200x200,0.76,14,Traditional,14.97,39.99,73.75,163.16,61.11,47.86,0
181,188,100x100,0.88,7,ICSHSO-Based,8.67,6.02,95.51,105.44,51.44,44.51,0
182,193,100x100,0.44,7,ICSHSO-Based,31.88,32.67,80.34,164.43,87.08,32.61,0
183,146,150x150,0.31,14,ICSHSO-Based,24.81,8.29,70.93,197.42,58.55,22.98,0
184,173,150x150,0.4,10,Traditional,8.91,31.3,71.56,106.98,66.8,33.79,0
185,119,200x200,0.93,17,Traditional,34.3,29.38,74.27,155.47,50.39,30.93,0
186,142,200x200,0.91,16,ICSHSO-Based,49.56,12.02,76.4,174.78,84.32,28.43,0
187,52,200x200,0.72,7,Traditional,37.36,13.03,89.95,181.03,79.25,2.96,0
188,197,150x150,0.72,17,ICSHSO-Based,37.0,31.7,74.72,141.38,87.87,31.64,0
189,196,150x150,0.77,6,ICSHSO-Based,47.52,18.46,73.57,120.42,81.26,38.45,0
190,139,150x150,0.42,12,ICSHSO-Based,10.15,29.23,92.94,104.23,62.55,49.7,0
191,196,150x150,0.94,9,ICSHSO-Based,28.28,5.92,90.13,157.97,59.91,0.55,0
192,197,150x150,0.59,19,ICSHSO-Based,48.98,34.1,83.06,145.29,77.91,36.51,0
193,145,150x150,0.57,5,ICSHSO-Based,8.26,28.44,86.48,194.87,64.56,28.59,0
194,101,150x150,0.66,7,ICSHSO-Based,35.01,36.28,79.36,106.06,72.65,21.7,0
195,177,200x200,0.33,14,Traditional,29.29,5.29,84.48,168.54,50.25,6.38,0
196,88,200x200,0.42,12,Traditional,29.32,23.72,85.2,102.5,52.48,20.45,0
197,131,200x200,0.82,8,Traditional,34.88,23.96,81.62,117.14,71.41,17.72,0
198,153,200x200,0.36,18,Traditional,46.48,14.14,97.2,145.36,72.64,15.14,0
199,178,150x150,0.72,11,Traditional,39.13,18.34,70.48,145.49,80.06,36.54,0
200,60,100x100,0.47,14,Traditional,2.81,1.52,93.47,168.57,55.28,35.04,0
201,91,150x150,0.57,16,Traditional,42.64,29.83,73.73,191.02,70.53,29.45,0
202,148,100x100,0.5,18,ICSHSO-Based,11.28,21.97,93.93,163.9,57.78,46.93,0
203,56,200x200,0.55,18,ICSHSO-Based,18.85,2.31,88.48,195.35,53.73,17.49,0
204,193,150x150,0.8,6,ICSHSO-Based,23.09,27.23,95.3,188.16,66.42,12.19,1
205,139,200x200,0.51,11,ICSHSO-Based,24.05,18.67,72.93,158.45,56.53,32.8,0
206,161,150x150,0.7,9,Traditional,21.76,1.38,86.77,183.38,58.87,9.94,0
207,109,200x200,0.63,9,Traditional,46.87,38.78,85.03,164.26,62.7,15.75,0
208,162,100x100,0.76,10,ICSHSO-Based,35.3,37.96,91.19,107.86,60.38,11.23,1
209,51,100x100,0.96,17,ICSHSO-Based,31.56,20.52,86.03,174.06,53.5,3.46,1
210,178,100x100,0.81,13,Traditional,2.49,3.75,86.22,109.49,53.6,41.37,0
211,97,150x150,0.45,18,ICSHSO-Based,45.2,30.18,82.89,159.41,57.73,12.73,0
212,189,100x100,0.32,10,ICSHSO-Based,45.47,19.68,79.27,170.26,52.02,23.65,0
213,86,150x150,0.48,16,ICSHSO-Based,39.01,12.1,84.47,106.65,75.06,2.17,0
214,58,100x100,0.72,17,ICSHSO-Based,0.35,19.66,73.55,123.08,61.49,34.97,0
215,148,100x100,0.34,19,Traditional,2.86,20.9,98.85,191.57,61.19,16.53,0
216,196,150x150,0.65,18,ICSHSO-Based,11.26,22.51,91.43,161.63,63.28,37.24,0
217,97,150x150,0.72,12,ICSHSO-Based,6.57,17.65,98.57,124.63,76.51,20.62,0
218,180,100x100,0.53,11,Traditional,19.94,24.23,76.8,169.07,84.83,9.79,0
219,197,150x150,0.84,13,Traditional,46.13,36.75,96.38,159.68,80.36,25.66,0
220,103,100x100,0.37,8,ICSHSO-Based,23.6,14.49,94.26,150.16,79.1,6.53,0
221,169,150x150,0.35,6,Traditional,0.67,29.03,90.31,197.62,69.38,22.03,0
222,165,200x200,0.81,11,ICSHSO-Based,14.14,35.78,88.75,168.35,77.75,15.87,0
223,124,200x200,0.65,10,ICSHSO-Based,2.23,18.24,79.5,137.54,72.11,45.6,0
224,162,200x200,0.78,5,Traditional,1.81,17.74,94.49,180.01,58.65,3.05,0
225,153,200x200,0.6,15,ICSHSO-Based,13.79,24.08,85.05,188.46,58.34,34.7,0
226,133,200x200,0.47,13,ICSHSO-Based,13.78,23.66,72.13,112.52,61.86,9.14,0
227,161,100x100,0.87,13,ICSHSO-Based,39.36,32.26,79.39,120.06,86.43,15.95,0
228,148,200x200,0.86,16,ICSHSO-Based,48.74,19.06,98.06,121.62,71.9,20.78,1
229,142,200x200,0.79,6,Traditional,18.56,39.84,95.52,169.12,79.36,45.4,0
230,195,200x200,0.49,7,Traditional,21.44,2.38,99.46,160.3,63.86,12.13,0
231,177,200x200,0.71,9,ICSHSO-Based,42.24,0.13,88.84,161.9,66.31,4.57,0
232,159,150x150,0.55,9,Traditional,13.41,25.61,77.43,194.08,55.02,15.93,0
233,131,100x100,0.36,19,ICSHSO-Based,7.82,11.94,74.88,177.59,56.85,5.23,0
234,103,200x200,0.94,5,ICSHSO-Based,42.65,9.62,75.61,112.79,83.09,6.43,0
235,117,200x200,0.4,12,ICSHSO-Based,2.33,12.48,70.59,134.75,73.39,28.69,0
236,82,200x200,0.97,16,ICSHSO-Based,30.98,10.24,81.72,143.54,63.5,3.05,0
237,191,100x100,0.61,12,ICSHSO-Based,28.1,1.23,75.74,139.6,82.11,1.55,0
238,70,150x150,0.43,8,Traditional,17.3,38.86,82.35,166.93,59.86,35.72,0
239,97,100x100,0.68,17,ICSHSO-Based,15.76,8.83,98.05,189.19,89.04,18.08,0
240,197,150x150,0.91,11,Traditional,38.59,29.36,82.92,130.61,63.79,6.27,0
241,177,200x200,0.81,19,Traditional,4.32,30.5,96.34,155.19,63.49,12.68,0
242,185,200x200,0.86,19,ICSHSO-Based,11.84,37.17,88.17,178.94,62.48,32.1,0
243,184,100x100,0.76,15,ICSHSO-Based,36.62,1.22,77.41,141.62,54.88,13.78,0
244,194,100x100,0.78,14,ICSHSO-Based,27.42,34.88,80.68,116.81,54.45,24.73,0
245,177,150x150,0.89,7,ICSHSO-Based,6.4,21.09,72.52,147.5,75.92,6.08,0
246,82,150x150,0.47,10,ICSHSO-Based,44.11,25.3,80.0,105.52,85.0,29.4,0
247,164,100x100,0.64,18,Traditional,19.67,25.78,90.33,194.24,81.62,15.8,0
248,168,150x150,0.45,14,ICSHSO-Based,41.39,32.79,72.16,107.48,55.64,31.35,0
249,71,100x100,0.99,17,ICSHSO-Based,39.39,13.34,76.16,143.85,71.82,40.42,0
250,87,150x150,0.96,14,Traditional,31.22,29.32,81.44,152.99,54.22,30.58,0
251,158,100x100,0.33,16,Traditional,24.72,21.14,99.46,198.53,51.81,14.79,0
252,100,100x100,0.79,18,ICSHSO-Based,48.98,31.74,93.55,116.6,76.26,12.79,1
253,57,100x100,0.95,13,Traditional,7.25,39.62,92.0,111.44,71.41,16.37,0
254,76,150x150,0.43,5,ICSHSO-Based,36.26,8.03,73.49,100.87,53.28,8.23,0
255,76,150x150,0.7,9,Traditional,9.56,39.79,93.43,115.56,51.4,9.06,0
256,70,150x150,0.94,8,Traditional,16.91,3.59,93.56,120.73,89.59,39.53,0
257,79,100x100,0.32,12,ICSHSO-Based,15.43,0.09,88.03,163.06,51.2,19.24,0
258,146,150x150,0.79,15,Traditional,47.35,1.77,99.71,121.97,67.78,21.8,0
259,77,150x150,0.51,16,Traditional,48.37,13.67,79.76,102.05,70.18,29.7,0
260,160,100x100,0.95,5,Traditional,9.15,25.32,98.24,182.66,54.69,29.48,0
261,110,200x200,0.98,13,Traditional,1.1,2.76,97.44,136.56,56.76,3.37,0
262,97,100x100,0.96,10,Traditional,36.0,0.23,70.34,135.37,64.07,41.58,0
263,196,150x150,0.63,8,Traditional,20.9,37.48,83.5,130.25,80.47,8.87,0
264,53,100x100,0.9,16,ICSHSO-Based,4.44,32.88,99.31,197.54,70.28,36.15,0
265,84,200x200,0.89,13,ICSHSO-Based,34.19,32.37,73.09,117.01,75.52,38.63,0
266,98,100x100,0.52,15,Traditional,27.26,35.38,86.43,189.82,89.41,35.74,0
267,66,150x150,0.88,9,ICSHSO-Based,49.03,28.0,99.37,177.68,80.72,28.95,1
268,95,200x200,0.33,19,ICSHSO-Based,11.37,4.18,86.66,107.65,67.37,0.73,0
269,166,150x150,0.72,9,ICSHSO-Based,20.2,15.96,75.69,198.67,67.86,18.02,0
270,55,200x200,0.46,16,Traditional,27.13,28.93,87.47,127.14,74.75,30.24,0
271,148,200x200,0.38,9,ICSHSO-Based,39.58,11.21,76.13,109.86,76.61,19.37,0
272,173,100x100,0.35,5,Traditional,27.44,27.5,85.59,182.93,70.03,43.17,0
273,86,100x100,0.79,5,ICSHSO-Based,30.65,0.98,72.22,170.67,75.79,15.44,0
274,73,150x150,0.54,12,Traditional,11.31,12.25,88.16,161.72,50.94,14.68,0
275,142,100x100,0.81,16,Traditional,42.35,21.97,85.5,115.6,67.18,13.3,0
276,95,100x100,0.35,12,ICSHSO-Based,21.43,25.28,92.2,147.85,61.16,16.64,1
277,144,200x200,0.52,16,ICSHSO-Based,7.05,23.08,88.92,178.06,55.17,27.87,0
278,148,100x100,0.68,19,Traditional,33.21,27.91,86.49,130.36,53.98,35.35,0
279,165,200x200,0.85,19,ICSHSO-Based,10.8,0.24,90.69,131.17,74.13,33.13,0
280,116,200x200,0.52,10,ICSHSO-Based,4.88,4.04,74.32,100.31,70.94,40.39,0
281,177,200x200,0.74,16,ICSHSO-Based,43.1,34.76,87.86,117.42,60.14,44.3,1
282,67,150x150,0.92,15,Traditional,23.01,27.27,75.16,187.54,68.84,40.8,0
283,74,150x150,0.73,17,Traditional,37.46,4.52,97.77,144.17,69.69,0.95,0
284,103,150x150,0.46,8,ICSHSO-Based,14.53,33.68,72.05,198.42,57.8,36.8,0
285,107,200x200,0.32,6,ICSHSO-Based,39.35,9.69,82.91,139.57,76.08,10.42,0
286,116,150x150,0.91,18,ICSHSO-Based,5.6,19.13,90.87,171.52,81.24,6.65,0
287,153,150x150,0.31,6,Traditional,17.8,5.81,83.74,128.19,81.66,31.92,0
288,73,100x100,0.91,13,Traditional,48.9,28.4,72.76,136.38,74.1,15.99,0
289,163,150x150,0.67,19,ICSHSO-Based,39.7,26.67,86.6,119.07,70.47,2.86,1
290,81,150x150,0.96,9,ICSHSO-Based,24.86,8.44,89.25,134.71,52.44,6.88,0
291,135,200x200,0.86,8,ICSHSO-Based,16.99,34.54,91.11,154.72,61.51,0.05,0
292,176,200x200,1.0,14,ICSHSO-Based,43.61,16.05,81.2,199.18,53.73,45.16,0
293,179,200x200,0.55,17,ICSHSO-Based,27.24,11.7,86.91,166.42,88.55,1.23,0
294,66,200x200,0.84,5,ICSHSO-Based,37.92,6.09,83.52,119.92,55.4,10.47,0
295,153,200x200,0.58,11,Traditional,37.71,10.65,90.16,104.5,56.07,20.81,0
296,186,200x200,0.64,7,ICSHSO-Based,0.9,0.88,87.51,112.64,85.58,17.83,0
297,92,150x150,0.74,10,Traditional,6.31,23.33,85.77,156.26,87.76,45.59,0
298,88,200x200,0.91,9,ICSHSO-Based,32.98,33.69,77.49,176.52,80.63,2.01,0
299,75,200x200,0.99,9,ICSHSO-Based,8.08,21.96,70.06,194.04,50.22,25.61,0
300,148,100x100,0.84,15,Traditional,12.77,8.77,75.22,101.58,50.05,34.02,0
301,99,150x150,0.59,9,Traditional,47.33,1.35,73.51,152.28,65.12,46.58,0
302,62,150x150,0.59,5,Traditional,28.01,8.59,83.47,147.09,55.74,31.02,0
303,109,150x150,0.82,5,Traditional,37.54,16.64,88.37,165.61,50.74,40.19,0
304,184,200x200,0.47,7,ICSHSO-Based,27.9,30.38,76.39,155.96,68.56,4.19,0
305,106,200x200,0.38,18,Traditional,27.63,7.51,98.17,168.7,87.72,19.3,0
306,85,200x200,0.55,16,ICSHSO-Based,4.71,28.79,70.2,165.81,62.95,18.7,0
307,69,100x100,0.5,14,Traditional,17.18,34.68,93.17,111.7,76.45,44.31,0
308,114,200x200,0.51,8,ICSHSO-Based,14.12,18.16,88.76,179.97,76.09,7.57,0
309,57,100x100,0.46,9,ICSHSO-Based,19.54,32.86,81.21,112.32,60.04,7.59,0
310,193,150x150,0.33,6,ICSHSO-Based,39.92,22.19,71.51,169.85,76.02,16.43,0
311,191,200x200,0.31,12,ICSHSO-Based,18.6,25.48,88.82,141.61,58.49,2.72,0
312,164,100x100,0.99,15,ICSHSO-Based,22.58,21.05,81.57,151.39,54.88,9.12,0
313,192,100x100,0.6,15,ICSHSO-Based,19.87,18.53,98.09,190.33,78.06,48.26,0
314,141,200x200,0.57,18,Traditional,4.67,9.39,86.26,188.99,54.54,21.41,0
315,147,150x150,0.78,6,ICSHSO-Based,22.05,12.13,98.19,181.79,89.88,31.6,0
316,115,150x150,0.45,13,Traditional,9.78,11.6,76.61,151.01,57.34,36.31,0
317,81,150x150,0.96,6,Traditional,9.34,22.53,91.77,173.62,73.77,18.35,0
318,135,100x100,0.85,17,ICSHSO-Based,4.7,4.8,88.52,151.29,66.45,7.36,0
319,100,100x100,0.36,13,Traditional,17.83,36.67,92.18,186.96,55.06,10.33,0
320,112,100x100,0.59,11,ICSHSO-Based,37.87,28.83,76.44,140.28,51.11,15.66,0
321,174,100x100,0.92,19,Traditional,13.82,16.06,89.95,197.02,74.91,31.8,0
322,199,150x150,0.96,12,ICSHSO-Based,15.62,6.34,84.94,193.23,82.27,19.91,0
323,107,200x200,0.63,19,Traditional,32.13,35.28,92.28,174.16,83.68,0.34,0
324,107,100x100,0.73,15,ICSHSO-Based,9.79,32.95,79.81,127.94,69.31,26.17,0
325,135,100x100,0.42,6,ICSHSO-Based,44.85,28.87,96.7,113.17,81.1,46.08,1
326,98,150x150,0.99,11,ICSHSO-Based,26.01,10.86,72.53,185.47,76.91,40.6,0
327,119,200x200,0.46,16,ICSHSO-Based,22.38,16.1,94.22,116.53,78.97,41.26,1
328,64,200x200,0.96,10,Traditional,27.89,4.11,95.84,185.43,69.7,39.75,0
329,103,150x150,0.75,8,ICSHSO-Based,8.3,7.56,94.52,149.08,75.34,16.19,0
330,150,150x150,0.73,11,Traditional,30.67,31.32,85.38,140.66,82.22,38.26,0
331,57,200x200,0.66,18,Traditional,18.16,28.6,83.15,190.32,65.92,7.16,0
332,102,100x100,0.46,17,Traditional,44.86,23.74,99.89,160.39,82.24,32.89,0
333,109,200x200,0.42,8,ICSHSO-Based,8.44,35.83,76.88,157.66,73.68,32.08,0
334,157,150x150,0.45,6,Traditional,25.35,23.33,86.41,155.88,56.64,1.28,0
335,54,100x100,0.43,14,Traditional,29.91,18.68,90.12,137.12,50.99,39.4,0
336,152,100x100,0.85,16,Traditional,1.67,13.61,91.03,178.56,64.51,45.16,0
337,55,150x150,0.55,11,ICSHSO-Based,18.18,37.62,76.12,125.28,71.87,13.37,0
338,158,150x150,0.34,12,ICSHSO-Based,36.63,3.31,89.62,193.89,83.59,40.62,0
339,165,150x150,0.98,6,Traditional,41.02,37.24,94.55,189.4,55.1,4.12,0
340,143,200x200,0.92,9,ICSHSO-Based,15.66,33.07,71.5,133.75,82.01,30.0,0
341,96,200x200,0.95,5,ICSHSO-Based,39.93,5.2,97.35,172.95,84.52,24.28,0
342,148,100x100,1.0,11,Traditional,48.39,22.6,70.89,157.32,56.03,27.3,0
343,104,150x150,0.42,12,Traditional,42.84,34.66,80.68,133.76,84.06,46.31,0
344,101,100x100,0.58,17,ICSHSO-Based,5.88,22.87,70.47,198.85,89.66,43.57,0
345,193,100x100,0.83,10,Traditional,36.99,36.29,72.31,102.52,79.07,39.25,0
346,62,100x100,0.79,9,ICSHSO-Based,15.98,37.72,97.34,125.26,81.39,13.68,0
347,163,100x100,0.41,19,ICSHSO-Based,49.42,16.9,80.65,152.01,89.78,45.59,0
348,173,150x150,0.87,10,ICSHSO-Based,24.27,15.09,82.74,152.2,74.22,4.88,0
349,155,100x100,0.46,19,ICSHSO-Based,6.12,37.45,76.46,158.89,62.32,42.67,0
350,196,150x150,0.46,6,ICSHSO-Based,36.26,27.01,87.91,175.17,83.5,16.41,1
351,194,150x150,0.68,5,ICSHSO-Based,16.15,4.64,87.84,162.35,74.58,2.69,0
352,169,200x200,0.72,11,Traditional,49.85,1.69,81.17,160.03,73.25,33.47,0
353,112,150x150,0.71,11,Traditional,48.99,22.59,79.99,105.35,60.15,11.56,0
354,68,200x200,0.36,14,ICSHSO-Based,32.81,37.21,96.55,137.65,80.25,12.18,1
355,141,150x150,0.91,15,ICSHSO-Based,6.49,33.77,81.5,123.21,53.27,15.3,0
356,107,150x150,0.49,14,ICSHSO-Based,34.34,27.03,84.81,126.54,86.97,3.18,0
357,139,150x150,0.39,18,Traditional,4.65,5.56,78.5,155.43,63.03,8.86,0
358,166,200x200,0.92,6,ICSHSO-Based,1.47,10.17,93.6,119.95,55.11,0.26,0
359,111,200x200,0.97,6,Traditional,41.15,35.02,81.92,129.39,67.69,22.27,0
360,72,100x100,0.9,5,ICSHSO-Based,10.49,7.31,85.41,123.71,51.7,4.21,0
361,176,200x200,0.87,14,ICSHSO-Based,18.95,11.14,77.6,194.85,77.39,34.13,0
362,186,200x200,0.76,12,Traditional,48.67,5.18,99.63,194.47,86.11,11.78,0
363,189,200x200,0.69,19,Traditional,16.84,27.04,78.74,160.99,83.49,47.18,0
364,178,200x200,0.36,12,ICSHSO-Based,14.82,37.76,93.12,192.45,55.09,43.56,0
365,107,100x100,0.59,5,ICSHSO-Based,45.91,10.76,82.82,178.58,55.05,14.47,0
366,171,200x200,0.56,16,ICSHSO-Based,5.54,19.02,76.19,158.99,82.54,39.16,0
367,50,150x150,0.48,15,Traditional,37.98,25.37,93.99,100.64,86.97,40.16,0
368,83,150x150,0.81,12,Traditional,49.4,39.98,80.01,177.25,68.43,49.33,0
369,145,200x200,0.65,13,Traditional,45.06,4.19,95.96,170.25,69.96,29.89,0
370,175,200x200,0.36,18,Traditional,32.58,19.94,97.46,161.53,62.73,4.1,0
371,167,150x150,0.45,8,Traditional,15.7,15.4,95.79,176.04,85.77,32.34,0
372,97,150x150,0.78,5,Traditional,12.72,34.63,71.05,151.29,75.8,31.25,0
373,138,100x100,0.35,5,ICSHSO-Based,40.96,19.04,93.62,170.41,61.53,31.92,1
374,166,150x150,0.9,7,ICSHSO-Based,43.99,4.44,82.34,193.52,61.95,15.36,0
375,178,150x150,0.65,19,Traditional,26.27,25.38,96.21,137.58,85.65,42.98,0
376,65,200x200,0.64,18,ICSHSO-Based,12.22,30.83,89.14,170.81,50.55,47.97,0
377,118,150x150,0.71,9,ICSHSO-Based,5.65,0.12,95.01,147.57,62.91,10.89,0
378,71,100x100,0.88,9,Traditional,4.36,34.36,84.98,167.44,72.17,4.41,0
379,142,150x150,0.54,13,ICSHSO-Based,35.95,7.44,86.05,176.29,55.93,9.73,0
380,125,200x200,0.77,14,Traditional,21.01,22.08,74.33,104.55,53.68,41.03,0
381,193,200x200,0.7,18,Traditional,45.27,16.63,93.52,164.66,82.61,33.83,0
382,135,150x150,0.49,16,ICSHSO-Based,36.98,28.79,82.58,122.67,85.78,31.8,0
383,78,200x200,0.92,6,Traditional,9.56,14.85,85.0,167.0,82.94,20.09,0
384,118,100x100,0.86,6,Traditional,30.69,34.79,93.55,146.83,85.95,28.89,0
385,96,100x100,0.76,10,Traditional,21.78,29.22,87.97,177.36,72.12,15.39,0
386,143,150x150,0.9,19,Traditional,28.86,25.91,76.03,112.34,82.49,23.86,0
387,193,150x150,0.91,13,Traditional,36.9,31.85,87.71,162.63,65.36,39.65,0
388,134,150x150,0.8,5,Traditional,40.31,30.16,82.23,127.85,76.65,49.06,0
389,88,200x200,0.89,13,Traditional,42.19,1.44,84.09,185.3,89.55,46.62,0
390,149,100x100,0.79,13,Traditional,12.7,15.79,70.85,192.84,59.03,46.69,0
391,82,100x100,0.78,17,ICSHSO-Based,1.56,37.23,76.3,199.64,65.6,20.11,0
392,150,200x200,0.73,13,ICSHSO-Based,36.96,5.03,78.43,179.6,69.2,23.44,0
393,72,100x100,0.83,9,ICSHSO-Based,5.32,29.48,91.39,175.37,55.52,35.28,0
394,59,150x150,0.41,17,Traditional,15.75,38.98,70.34,121.55,53.24,46.11,0
395,118,150x150,0.92,19,Traditional,0.19,2.09,82.26,133.6,83.19,7.1,0
396,149,150x150,0.91,13,ICSHSO-Based,34.08,27.29,97.72,146.57,89.07,15.21,1
397,83,100x100,0.32,15,ICSHSO-Based,8.36,18.73,73.36,177.34,66.19,6.96,0
398,187,150x150,0.88,8,ICSHSO-Based,32.76,23.17,85.49,191.5,53.51,30.6,1
399,196,200x200,0.39,6,Traditional,49.59,3.41,93.6,118.91,52.63,15.32,0
400,145,200x200,0.53,17,ICSHSO-Based,3.63,1.72,98.28,192.24,85.65,16.31,0
401,50,100x100,0.82,10,ICSHSO-Based,3.85,26.67,92.4,169.56,68.55,3.55,0
402,118,200x200,0.41,18,Traditional,17.02,32.93,91.62,161.08,62.8,17.49,0
403,53,200x200,0.87,8,ICSHSO-Based,43.32,31.28,94.79,119.98,69.06,43.12,1
404,65,100x100,0.88,10,Traditional,10.78,21.75,83.39,105.55,62.73,11.65,0
405,73,150x150,0.66,7,Traditional,18.02,3.99,94.18,156.85,69.56,34.76,0
406,129,150x150,0.3,10,Traditional,3.43,27.52,70.24,165.15,84.38,31.48,0
407,51,150x150,0.5,6,ICSHSO-Based,38.16,9.68,97.74,121.08,73.69,43.17,0
408,177,100x100,0.73,6,ICSHSO-Based,20.42,36.44,83.3,155.65,77.79,6.61,0
409,133,200x200,0.99,17,Traditional,37.96,33.53,86.6,185.65,64.59,48.88,0
410,189,150x150,0.74,13,ICSHSO-Based,45.18,28.38,77.65,183.51,79.54,29.13,0
411,173,150x150,0.48,11,ICSHSO-Based,11.64,37.95,92.28,192.74,76.66,49.77,0
412,82,100x100,0.74,7,ICSHSO-Based,40.37,1.26,72.3,136.59,54.78,45.58,0
413,150,150x150,0.68,17,ICSHSO-Based,2.95,29.45,96.18,131.8,72.91,11.08,0
414,61,100x100,0.85,15,Traditional,44.94,13.21,94.84,174.94,60.27,2.81,0
415,116,200x200,0.37,5,ICSHSO-Based,32.54,36.24,76.48,143.11,82.16,12.78,0
416,114,100x100,0.83,12,Traditional,43.71,10.67,94.28,108.75,67.04,26.38,0
417,123,100x100,0.68,18,Traditional,0.01,28.99,93.59,128.28,89.79,8.58,0
418,92,100x100,0.97,10,ICSHSO-Based,8.45,35.11,88.97,141.86,53.7,8.37,0
419,93,100x100,0.54,11,Traditional,19.49,1.67,81.21,129.25,81.21,23.13,0
420,78,200x200,0.74,13,ICSHSO-Based,18.98,15.91,78.14,133.22,76.95,1.66,0
421,190,200x200,0.95,9,ICSHSO-Based,11.34,30.49,76.95,129.38,80.7,6.09,0
422,61,150x150,0.37,19,Traditional,19.08,18.2,79.56,104.15,62.3,20.79,0
423,144,200x200,0.96,5,Traditional,6.44,10.69,97.11,163.71,69.68,3.16,0
424,95,200x200,0.78,16,Traditional,20.64,8.79,72.33,159.73,81.86,19.84,0
425,179,150x150,0.35,14,Traditional,40.12,5.26,94.87,165.34,59.3,23.7,0
426,84,200x200,0.51,11,ICSHSO-Based,23.95,34.29,80.47,119.23,59.04,22.56,0
427,130,100x100,0.8,19,ICSHSO-Based,0.9,23.01,85.65,129.57,72.04,43.46,0
428,139,100x100,0.35,9,ICSHSO-Based,21.07,3.06,93.83,161.96,70.94,26.5,0
429,57,150x150,0.71,7,Traditional,1.36,15.3,96.53,159.96,61.29,23.4,0
430,142,150x150,0.54,16,Traditional,48.31,14.71,80.34,150.63,61.92,20.54,0
431,139,150x150,0.73,17,Traditional,6.37,7.27,83.86,135.04,61.11,40.88,0
432,164,100x100,0.33,13,ICSHSO-Based,35.38,17.42,82.44,191.29,80.86,44.75,0
433,154,200x200,0.91,5,Traditional,48.64,13.28,70.4,133.98,76.08,42.66,0
434,184,100x100,0.98,5,ICSHSO-Based,41.3,13.67,78.88,145.56,83.3,33.68,0
435,107,150x150,0.98,5,Traditional,34.97,29.56,83.78,167.81,89.02,6.87,0
436,163,200x200,0.82,7,ICSHSO-Based,41.97,8.93,82.33,154.3,68.97,13.84,0
437,124,200x200,0.39,16,ICSHSO-Based,49.09,25.67,91.66,134.69,52.67,2.3,1
438,169,100x100,0.83,10,Traditional,31.07,22.83,81.54,143.56,51.92,46.54,0
439,70,150x150,0.32,14,Traditional,27.96,22.72,84.68,179.45,61.83,33.04,0
440,187,100x100,0.32,15,ICSHSO-Based,31.41,26.52,82.89,127.81,87.3,37.32,0
441,150,200x200,0.53,7,ICSHSO-Based,26.63,21.94,92.22,114.23,70.93,15.58,1
442,148,100x100,0.64,12,Traditional,31.75,35.17,95.89,131.32,60.87,42.28,0
443,85,100x100,0.84,18,Traditional,22.49,27.02,85.96,184.95,65.97,12.98,0
444,145,150x150,0.78,18,ICSHSO-Based,10.92,21.88,93.68,108.9,73.94,0.08,0
445,86,150x150,0.61,14,Traditional,6.01,33.19,78.9,199.17,76.12,18.82,0
446,61,200x200,0.49,6,ICSHSO-Based,3.42,24.25,86.24,154.1,56.16,28.54,0
447,162,100x100,1.0,18,ICSHSO-Based,13.17,11.65,80.36,198.48,89.08,23.94,0
448,62,100x100,0.6,13,Traditional,2.31,8.28,82.43,193.9,71.79,43.1,0
449,72,100x100,0.62,7,Traditional,28.36,6.09,91.97,145.28,55.43,5.27,0
450,148,200x200,0.41,9,Traditional,14.19,35.98,96.45,119.85,85.75,27.69,0
451,154,200x200,0.86,14,Traditional,41.23,28.41,73.64,116.49,52.99,25.65,0
452,79,150x150,0.79,12,Traditional,3.71,37.5,89.04,124.0,86.31,14.07,0
453,66,150x150,0.45,6,ICSHSO-Based,11.32,24.13,87.46,171.01,89.86,41.11,0
454,162,150x150,0.36,10,ICSHSO-Based,36.51,18.94,73.55,127.29,78.02,37.64,0
455,111,100x100,0.78,16,Traditional,29.94,2.39,76.36,134.14,80.82,36.64,0
456,133,100x100,0.76,9,Traditional,3.22,26.87,79.33,144.88,63.49,43.81,0
457,161,150x150,0.49,17,Traditional,43.86,23.29,75.01,191.32,87.66,36.14,0
458,135,100x100,0.97,14,ICSHSO-Based,43.86,39.61,77.31,118.94,71.19,11.59,0
459,190,150x150,0.41,13,Traditional,16.52,9.57,78.03,100.5,79.3,35.28,0
460,68,200x200,0.6,16,Traditional,17.02,21.23,80.07,106.01,86.96,15.39,0
461,149,150x150,0.96,9,ICSHSO-Based,49.45,26.04,92.48,190.48,89.01,12.11,1
462,189,200x200,0.59,6,ICSHSO-Based,31.31,25.78,87.16,164.75,83.33,3.65,1
463,196,100x100,0.75,9,Traditional,26.57,22.45,99.59,127.3,62.12,37.2,0
464,125,150x150,0.58,19,Traditional,41.91,31.08,82.44,117.72,88.66,35.55,0
465,58,100x100,0.49,16,Traditional,14.26,8.2,92.62,129.43,75.12,11.72,0
466,77,200x200,0.99,8,ICSHSO-Based,21.46,29.03,96.14,111.48,87.23,37.47,1
467,177,200x200,0.59,19,Traditional,13.39,24.79,90.37,194.15,77.04,45.89,0
468,101,200x200,0.93,15,Traditional,39.46,35.84,82.36,178.42,62.29,5.4,0
469,132,100x100,0.46,11,Traditional,28.67,33.89,92.61,146.24,64.8,11.63,0
470,160,100x100,0.45,10,ICSHSO-Based,32.94,12.61,76.11,186.5,72.02,37.51,0
471,193,100x100,0.32,18,ICSHSO-Based,12.62,11.05,79.83,124.95,81.6,13.73,0
472,166,100x100,0.76,6,Traditional,11.01,39.27,86.4,171.71,62.72,31.23,0
473,118,200x200,0.56,16,Traditional,24.42,21.09,87.26,185.61,73.19,4.06,0
474,148,200x200,0.91,15,ICSHSO-Based,36.88,36.26,70.66,135.68,63.82,22.61,0
475,189,150x150,0.63,15,ICSHSO-Based,26.26,6.56,98.35,175.75,82.63,36.95,0
476,74,150x150,0.98,17,ICSHSO-Based,1.63,25.71,90.9,129.51,68.67,34.33,0
477,172,100x100,0.43,9,ICSHSO-Based,43.43,32.39,84.87,129.89,53.07,40.75,0
478,102,200x200,0.91,11,ICSHSO-Based,3.23,37.9,97.99,110.71,56.64,43.87,0
479,193,200x200,0.84,15,ICSHSO-Based,47.79,13.49,83.17,144.01,52.44,38.66,0
480,106,200x200,0.84,11,ICSHSO-Based,1.26,29.0,99.41,172.97,69.97,33.58,0
481,88,150x150,0.89,19,ICSHSO-Based,34.72,21.55,85.37,194.02,54.25,1.59,1
482,158,150x150,0.83,9,ICSHSO-Based,4.11,2.43,73.43,160.38,54.57,26.75,0
483,91,200x200,0.74,16,Traditional,45.53,27.6,92.94,186.31,87.64,1.88,0
484,191,200x200,0.39,19,Traditional,23.22,27.6,90.37,182.25,84.91,40.4,0
485,171,200x200,0.32,13,Traditional,6.88,37.22,93.19,117.33,68.08,16.04,0
486,182,150x150,0.94,8,ICSHSO-Based,17.04,19.89,98.54,148.58,89.43,28.12,0
487,124,200x200,0.73,15,Traditional,8.24,9.21,93.29,111.69,50.01,13.97,0
488,195,200x200,0.86,7,ICSHSO-Based,8.53,1.78,88.34,168.22,74.56,39.13,0
489,125,100x100,0.64,19,ICSHSO-Based,47.41,16.63,95.72,194.99,74.66,44.33,1
490,58,100x100,0.38,8,Traditional,22.26,12.08,90.2,113.71,68.3,19.93,0
491,123,150x150,0.39,9,ICSHSO-Based,39.44,30.44,82.24,173.39,65.88,43.15,0
492,194,200x200,0.78,17,Traditional,31.98,14.17,96.57,163.22,68.22,13.35,0
493,56,200x200,0.6,10,Traditional,33.82,37.96,76.66,158.36,66.6,26.73,0
494,190,100x100,0.44,7,Traditional,6.58,38.49,91.44,139.01,79.22,42.94,0
495,186,150x150,0.64,6,ICSHSO-Based,11.71,24.84,96.45,135.51,55.41,16.29,0
496,76,100x100,0.34,18,Traditional,39.34,37.15,91.94,104.52,57.91,47.7,0
497,171,100x100,0.71,17,ICSHSO-Based,48.54,30.43,90.92,121.79,57.22,6.09,1
498,54,100x100,0.49,8,Traditional,13.13,21.87,92.58,101.52,60.5,0.91,0
499,78,100x100,0.86,9,Traditional,13.58,7.21,83.95,158.14,71.01,45.21,0
500,132,200x200,0.52,8,Traditional,23.64,18.34,96.23,110.59,54.45,3.43,0
